date,last_update,confirmed,confirmed_diff,deaths,deaths_diff,recovered,recovered_diff,active,active_diff,fatality_rate
2020-03-14,2020-03-14 22:33:04,2726,544,54,7,12,0,2660,537,0.0198
2020-03-15,2020-03-15 18:33:03,3499,769,63,9,12,0,3424,760,0.018
2020-03-16,2020-03-16 23:53:03,4632,1133,85,22,17,5,4530,1106,0.0184
2020-03-17,2020-03-17 23:53:03,6421,1789,108,23,17,0,6296,1766,0.0168
2020-03-18,2020-03-18 19:53:03,7786,1362,118,10,106,-17,7562,1369,0.0152
2020-03-19,2020-03-19 23:43:04,13680,5894,200,82,108,2,13372,5810,0.0146
2020-03-20,2020-03-20 23:43:03,19101,5424,244,44,147,39,18710,5341,0.0128
2020-03-21,2020-03-21 23:13:18,25493,6392,307,63,171,24,25015,6305,0.012
2020-03-22,2020-03-22 23:45:00,33848,8355,427,120,0,0,33421,8235,0.0126
2020-03-23,2020-03-23 23:19:34,43663,9819,552,125,0,0,43111,9694,0.0126
2020-03-24,2020-03-24 23:37:31,53736,10073,706,154,348,0,52682,9919,0.0131
2020-03-25,2020-03-25 23:33:19,65778,12042,942,236,361,13,64475,11793,0.0143
2020-03-26,2020-03-26 23:48:35,83836,18058,1209,267,681,320,81946,17471,0.0144
2020-03-27,2020-03-27 22:14:55,101657,17821,1581,372,869,188,99207,17261,0.0156
2020-03-28,2020-03-28 23:05:00,121465,19808,2026,445,1072,203,118367,19160,0.0167
2020-03-29,2020-03-29 23:08:00,140909,19444,2467,441,2665,1593,135777,17410,0.0175
2020-03-30,2020-03-30 22:52:00,161831,20922,2978,511,5644,2979,153209,17432,0.0184
2020-03-31,2020-03-31 23:43:56,188172,26341,3873,895,7024,1380,177275,24066,0.0206
2020-04-01,2020-04-01 21:58:49,213372,25200,4757,884,8474,1450,200141,22866,0.0223
2020-04-02,2020-04-02 23:25:00,243599,30227,5926,1169,9001,527,228672,28531,0.0243
2020-04-03,2020-04-03 22:46:37,275586,31987,7087,1161,9707,706,258792,30120,0.0257
2020-04-04,2020-04-04 23:34:00,308853,33267,8407,1320,14652,4945,285794,27002,0.0272
2020-04-05,2020-04-05 23:06:45,337072,28219,9619,1212,17448,2796,310005,24211,0.0285
2020-04-06,2020-04-06 23:22:00,366667,29595,10783,1164,19581,2133,336303,26298,0.0294
2020-04-07,2020-04-07 23:04:49,396223,29556,12722,1939,21763,2182,361738,25435,0.0321
2020-04-08,2020-04-08 22:51:58,429052,32829,14695,1973,23559,1796,390798,29060,0.0342
2020-04-09,2020-04-09 23:02:37,461437,32385,16478,1783,25410,1851,419549,28751,0.0357
2020-04-10,2020-04-10 22:54:07,496535,35098,18586,2108,28790,3380,449159,29610,0.0374
2020-04-11,2020-04-11 22:45:33,526396,29861,20462,1876,31270,2480,474664,25505,0.0389
2020-04-12,2020-04-12 23:18:00,555313,28917,22019,1557,32988,1718,500306,25642,0.0397
2020-04-13,2020-04-13 23:07:54,580619,25306,23528,1509,43482,10494,513609,13303,0.0405
2020-04-14,2020-04-14 23:33:31,607670,27051,25831,2303,47763,4281,534076,20467,0.0425
2020-04-15,2020-04-15 22:56:51,636350,28680,28325,2494,52096,4333,555929,21853,0.0445
2020-04-16,2020-04-16 23:30:51,667801,31451,32916,4591,54703,2607,580182,24253,0.0493
2020-04-17,2020-04-17 23:30:52,699706,31905,36773,3857,58545,3842,604388,24206,0.0526
2020-04-18,2020-04-18 22:32:47,732197,32491,38664,1891,64840,6295,628693,24305,0.0528
2020-04-19,2020-04-19 23:41:01,759086,26889,40661,1997,70337,5497,648088,19395,0.0536
2020-04-20,2020-04-20 23:44:33,784326,25240,42094,1433,72329,1992,669903,21815,0.0537
2020-04-21,2020-04-21 23:38:51,823786,27710,44845,2350,75204,2875,703737,22485,0.0544
2020-04-22,2020-04-22 23:38:40,839675,27639,46583,2139,77366,2162,715726,23338,0.0555
2020-04-23,2020-04-24 03:31:05,869170,29495,49954,3371,80203,2837,739013,23287,0.0575
2020-04-24,2020-04-25 06:31:05,905333,36163,51949,1995,99079,18876,754305,15292,0.0574
2020-04-25,2020-04-26 02:31:04,938154,32821,53755,1806,100372,1293,784027,29722,0.0573
2020-04-26,2020-04-27 02:31:05,965783,27629,54881,1126,106988,6616,803914,19887,0.0568
2020-04-27,2020-04-28 02:31:06,988197,22414,56259,1378,111424,4436,820514,16600,0.0569
2020-04-28,2020-04-29 02:32:29,1012582,24385,58355,2096,115936,4512,838291,17777,0.0576
2020-04-29,2020-04-30 02:32:27,1039909,27327,60967,2612,120720,4784,858222,19931,0.0586
2020-04-30,2020-05-01 02:32:28,1069424,29515,62996,2029,153947,33227,852481,-5741,0.0589
2020-05-01,2020-05-02 02:32:27,1103461,34037,64943,1947,164015,10068,874503,22022,0.0589
2020-05-02,2020-05-03 02:32:28,1132539,29078,66369,1426,175382,11367,890788,16285,0.0586
2020-05-03,2020-05-04 02:32:28,1158040,25501,67682,1313,180152,4770,910206,19418,0.0584
2020-05-04,2020-05-05 02:32:34,1180375,22335,68922,1240,187180,7028,924273,14067,0.0584
2020-05-05,2020-05-06 02:32:31,1204351,23976,71064,2142,189791,2611,943496,19223,0.059
2020-05-06,2020-05-07 02:32:28,1228603,24252,73431,2367,189910,119,965262,21766,0.0598
2020-05-07,2020-05-08 02:32:32,1257023,28420,75662,2231,195036,5126,986325,21063,0.0602
2020-05-08,2020-05-09 02:32:35,1283929,26906,77180,1518,198993,3957,1007756,21431,0.0601
2020-05-09,2020-05-10 02:32:30,1309550,25621,78795,1615,212534,13541,1018221,10465,0.0602
2020-05-10,2020-05-11 02:32:30,1329260,19710,79526,731,216169,3635,1033565,15344,0.0598
2020-05-11,2020-05-12 03:32:27,1347881,18621,80682,1156,232733,16564,1034466,901,0.0599
2020-05-12,2020-05-13 03:32:26,1369574,21693,82376,1694,230287,-2446,1056911,22445,0.0601
2020-05-13,2020-05-14 03:32:28,1390406,20832,84119,1743,243430,13143,1062857,5946,0.0605
2020-05-14,2020-05-15 02:33:02,1417774,27368,85898,1779,246414,2984,1085462,22605,0.0606
2020-05-15,2020-05-16 02:32:19,1442824,25050,87530,1632,250747,4333,1104547,19085,0.0607
2020-05-16,2020-05-17 02:32:32,1467820,24996,88754,1224,268376,17629,1110690,6143,0.0605
2020-05-17,2020-05-18 02:32:21,1486757,18937,89562,808,272265,3889,1124930,14240,0.0602
2020-05-18,2020-05-19 02:32:18,1508308,21551,90347,785,283178,10913,1134783,9853,0.0599
2020-05-19,2020-05-20 02:32:19,1528568,20260,91921,1574,289392,6214,1147255,12472,0.0601
2020-05-20,2020-05-21 02:32:48,1551853,23285,93439,1518,294312,4920,1164102,16847,0.0602
2020-05-21,2020-05-22 02:36:51,1577147,25294,94702,1263,298418,4106,1184027,19925,0.06
2020-05-22,2020-05-23 02:32:42,1600937,23790,95979,1277,350135,51717,1154823,-29204,0.06
2020-05-23,2020-05-24 02:32:43,1622612,21675,97087,1108,361239,11104,1164286,9463,0.0598
2020-05-24,2020-05-25 02:32:44,1643246,20634,97720,633,366736,5497,1178790,14504,0.0595
2020-05-25,2020-05-26 02:32:35,1662302,19056,98220,500,379157,12421,1184925,6135,0.0591
2020-05-26,2020-05-27 02:32:31,1680913,18611,98913,693,384902,5745,1197098,12173,0.0588
2020-05-27,2020-05-28 02:32:31,1699176,18263,100418,1505,391508,6606,1207250,10152,0.0591
2020-05-28,2020-05-29 02:32:50,1721753,22577,101616,1198,399991,8483,1220146,12896,0.059
2020-05-29,2020-05-30 02:32:48,1746019,24266,102809,1193,406446,6455,1236764,16618,0.0589
2020-05-30,2020-05-31 02:32:45,1770165,24146,103776,967,416461,10015,1249928,13164,0.0586
2020-05-31,2020-06-01 02:32:46,1790172,20007,104381,605,444758,28297,1241033,-8895,0.0583
2020-06-01,2020-06-02 02:33:08,1811360,21188,105165,784,458231,13473,1247964,6931,0.0581
2020-06-02,2020-06-03 02:33:13,1831821,20461,106180,1015,463868,5637,1261773,13809,0.058
2020-06-03,2020-06-04 02:33:14,1851520,19699,107175,995,479258,15390,1265087,3314,0.0579
2020-06-04,2020-06-05 02:33:06,1872660,21140,108211,1036,485002,5744,1279447,14360,0.0578
2020-06-05,2020-06-06 02:33:00,1897380,24720,109132,921,491706,6704,1296542,17095,0.0575
2020-06-06,2020-06-07 03:53:30,1920061,22681,109802,670,500849,9143,1309410,12868,0.0572
2020-06-07,2020-06-08 03:33:22,1942363,22302,110514,712,506367,5518,1325482,16072,0.0569
2020-06-08,2020-06-09 03:33:03,1960897,18534,110990,476,518522,12155,1331385,5903,0.0566
2020-06-09,2020-06-10 04:07:00,1979411,18514,111989,999,524855,6333,1342567,11182,0.0566
2020-06-10,2020-06-11 03:33:41,2000464,21053,112924,935,533504,8649,1354036,11469,0.0564
2020-06-11,2020-06-12 05:09:52,2023347,22883,113820,896,540292,6788,1369235,15199,0.0563
2020-06-12,2020-06-13 03:33:14,2048986,25639,114669,849,547386,7094,1386931,17696,0.056
2020-06-13,2020-06-14 03:33:15,2074526,25540,115436,767,556606,9220,1402484,15553,0.0556
2020-06-14,2020-06-15 03:33:14,2094058,19532,115732,296,561816,5210,1416510,14026,0.0553
2020-06-15,2020-06-16 04:33:09,2114026,19968,116127,395,576334,14518,1421565,5055,0.0549
2020-06-16,2020-06-17 04:33:21,2137731,23705,116963,836,583503,7169,1437265,15700,0.0547
2020-06-17,2020-06-18 04:33:18,2163290,25559,117717,754,592191,8688,1453382,16117,0.0544
2020-06-18,2020-06-19 04:33:17,2191053,27763,118440,723,599115,6924,1473498,20116,0.0541
2020-06-19,2020-06-20 04:33:19,2220962,29909,119118,678,606715,7600,1495129,21631,0.0536
2020-06-20,2020-06-21 04:33:19,2255119,34157,119719,601,617460,10745,1517940,22811,0.0531
2020-06-21,2020-06-22 04:33:20,2279879,24760,119969,250,622133,4673,1537777,19837,0.0526
2020-06-22,2020-06-23 04:33:22,2312300,32421,120402,433,640198,18065,1551700,13923,0.0521
2020-06-23,2020-06-24 04:33:28,2347022,34722,121228,826,647548,7350,1578246,26546,0.0517
2020-06-24,2020-06-25 05:26:54,2381361,34339,121979,751,656161,8613,1603221,24975,0.0512
2020-06-25,2020-06-26 04:33:43,2422299,40938,124410,2431,663562,7401,1634327,31106,0.0514
2020-06-26,2020-06-27 04:33:35,2439837,44911,124335,621,670809,7247,1644693,37043,0.051
2020-06-27,2020-06-28 04:34:04,2510151,42941,125539,508,679308,8499,1705304,33934,0.05
2020-06-28,2020-06-29 04:33:44,2548996,38845,125803,264,685164,5856,1738029,32725,0.0494
2020-06-29,2020-06-30 04:33:48,2590552,41556,126140,337,705203,20039,1759209,21180,0.0487
2020-06-30,2020-07-01 04:33:52,2635417,44865,127417,1277,720631,15428,1787369,28160,0.0483
2020-07-01,2020-07-02 04:33:46,2686258,50841,128062,645,729994,9363,1828202,40833,0.0477
2020-07-02,2020-07-03 04:33:54,2739879,53621,128740,678,781970,51976,1829169,967,0.047
2020-07-03,2020-07-04 04:33:51,2794153,54274,129434,694,790404,8434,1874315,45146,0.0463
2020-07-04,2020-07-05 04:33:46,2839436,45283,129676,242,894325,103921,1815435,-58880,0.0457
2020-07-05,2020-07-06 04:33:57,2888635,49199,129947,271,906763,12438,1851925,36490,0.045
2020-07-06,2020-07-07 04:34:00,2936077,47442,130285,338,924148,17385,1881644,29719,0.0444
2020-07-07,2020-07-08 05:33:48,2996098,60021,131480,1195,936476,12328,1928142,46498,0.0439
2020-07-08,2020-07-09 04:34:23,3054699,58601,132300,820,953420,16944,1968979,40837,0.0433
2020-07-09,2020-07-10 04:34:24,3117946,63247,133290,990,969111,15691,2015545,46566,0.0427
2020-07-10,2020-07-11 04:34:26,3184573,66627,134092,802,983185,14074,2067296,51751,0.0421
2020-07-11,2020-07-12 04:34:30,3245925,61352,134777,685,995576,12391,2115572,48276,0.0415
2020-07-12,2020-07-13 04:43:04,3304942,59017,135205,428,1006326,10750,2163411,47839,0.0409
2020-07-13,2020-07-14 04:34:46,3363056,58114,135605,400,1031939,25613,2195512,32101,0.0403
2020-07-14,2020-07-15 04:34:39,3431574,68518,136466,861,1049098,17159,2246010,50498,0.0398
2020-07-15,2020-07-16 04:44:59,3497847,66273,137407,941,1075882,26784,2284558,38548,0.0393
2020-07-16,2020-07-17 04:34:50,3576157,78310,138358,951,1090645,14763,2347154,62596,0.0387
2020-07-17,2020-07-18 04:34:45,3647715,71558,139266,908,1107204,16559,2401245,54091,0.0382
2020-07-18,2020-07-19 04:34:58,3711413,63698,140119,853,1122720,15516,2448574,47329,0.0378
2020-07-19,2020-07-20 05:34:40,3773260,61847,140534,415,1131121,8401,2501605,53031,0.0372
2020-07-20,2020-07-21 04:38:46,3830010,56750,140906,372,1160087,28966,2529017,27412,0.0368
2020-07-21,2020-07-22 04:34:42,3899211,69201,141995,1089,1182018,21931,2575198,46181,0.0364
2020-07-22,2020-07-23 05:15:04,3970906,71695,143190,1195,1210849,28831,2616867,41669,0.0361
2020-07-23,2020-07-24 05:30:40,4038748,67842,144304,1114,1233269,22420,2661175,44308,0.0357
2020-07-24,2020-07-25 04:47:39,4112531,73783,145546,1242,1261624,28355,2705361,44186,0.0354
2020-07-25,2020-07-26 04:35:00,4178021,65490,146460,914,1279414,17790,2752147,46786,0.0351
2020-07-26,2020-07-27 04:35:02,4233923,55902,146935,475,1297863,18449,2789125,36978,0.0347
2020-07-27,2020-07-28 04:58:43,4290259,56336,148011,1076,1325804,27941,2816444,27319,0.0345
2020-07-28,2020-07-29 04:35:11,4351997,61738,149256,1245,1355363,29559,2847378,30934,0.0343
2020-07-29,2020-07-30 04:35:05,4426982,74985,150713,1457,1389425,34062,2886844,39466,0.034
2020-07-30,2020-07-31 04:35:18,4494601,67619,152055,1342,1414155,24730,2928391,41547,0.0338
2020-07-31,2020-08-01 04:36:27,4562038,67437,153314,1259,1438160,24005,2970564,42173,0.0336
2020-08-01,2020-08-02 04:34:47,4620444,58406,154447,1133,1461885,23725,3004112,33548,0.0334
2020-08-02,2020-08-03 04:34:35,4667955,47511,154860,413,1468689,6804,3044406,40294,0.0332
2020-08-03,2020-08-04 04:41:59,4713540,45585,155402,542,1513446,44757,3044692,286,0.033
2020-08-04,2020-08-05 04:34:43,4771080,57540,156801,1399,1528979,15533,3085300,40608,0.0329
2020-08-05,2020-08-06 04:35:02,4823890,52810,158250,1449,1577851,48872,3087789,2489,0.0328
2020-08-06,2020-08-07 04:35:11,4883582,59692,160104,1854,1598624,20773,3124854,37065,0.0328
2020-08-07,2020-08-08 04:34:53,4941755,58173,161347,1243,1623870,25246,3156538,31684,0.0326
2020-08-08,2020-08-09 04:34:54,4997929,56174,162423,1076,1643118,19248,3192388,35850,0.0325
2020-08-09,2020-08-10 04:34:55,5044864,46935,162938,515,1656864,13746,3225062,32674,0.0323
2020-08-10,2020-08-11 04:35:08,5094400,49536,163463,525,1670755,13891,3260182,35120,0.0321
2020-08-11,2020-08-12 04:27:29,5141208,46808,164537,1074,1714960,44205,3261711,1529,0.032
2020-08-12,2020-08-13 04:29:15,5197118,55910,166026,1489,1753760,38800,3277332,15621,0.0319
2020-08-13,2020-08-14 04:51:19,5248854,51736,167110,1084,1774648,20888,3307096,29764,0.0318
2020-08-14,2020-08-15 04:27:31,5313055,64201,168446,1336,1796326,21678,3348283,41187,0.0317
2020-08-15,2020-08-16 04:27:42,5361165,48110,169481,1035,1818527,22201,3373157,24874,0.0316
2020-08-16,2020-08-17 04:27:20,5403213,42048,170052,571,1833067,14540,3400094,26937,0.0315
2020-08-17,2020-08-18 04:27:56,5438325,35112,170497,445,1865580,32513,3402248,2154,0.0314
2020-08-18,2020-08-19 04:27:47,5482416,44091,171821,1324,1898159,32579,3412436,10188,0.0313
2020-08-19,2020-08-20 04:27:43,5529824,47408,173177,1356,1925049,26890,3431598,19162,0.0313
2020-08-20,2020-08-21 04:27:41,5573847,44023,174255,1078,1947035,21986,3452557,20959,0.0313
2020-08-21,2020-08-22 04:27:49,5622540,48693,175363,1108,1965056,18021,3482121,29564,0.0312
2020-08-22,2020-08-23 04:27:48,5667112,44572,176353,990,1985484,20428,3505275,23154,0.0311
2020-08-23,2020-08-24 04:27:56,5701679,34567,176802,449,1997761,12277,3527116,21841,0.031
2020-08-24,2020-08-25 04:28:02,5739724,38045,177252,450,2020774,23013,3541698,14582,0.0309
2020-08-25,2020-08-26 04:28:11,5777710,37986,178486,1234,2053699,32925,3545525,3827,0.0309
2020-08-26,2020-08-27 04:28:15,5821819,44109,179708,1222,2084465,30766,3557646,12121,0.0309
2020-08-27,2020-08-28 04:28:11,5867785,45966,180824,1116,2101326,16861,3585635,27989,0.0308
2020-08-28,2020-08-29 04:28:19,5913941,46156,181800,976,2118367,17041,3613774,28139,0.0307
2020-08-29,2020-08-30 04:28:22,5961094,47153,182761,961,2140614,22247,3637719,23945,0.0307
2020-08-30,2020-08-31 04:28:27,5996431,35337,183066,305,2153939,13325,3659426,21707,0.0305
2020-08-31,2020-09-01 04:28:31,6030587,34156,183597,531,2184825,30886,3662165,2739,0.0304
2020-09-01,2020-09-02 04:28:25,6073840,43253,184664,1067,2202663,17838,3686513,24348,0.0304
2020-09-02,2020-09-03 04:28:22,6113510,39670,185720,1056,2231757,29094,3696033,9520,0.0304
2020-09-03,2020-09-04 04:28:26,6150016,36506,186790,1070,2266957,35200,3696269,236,0.0304
2020-09-04,2020-09-05 04:28:19,6200518,50502,187755,965,2283454,16497,3729309,33040,0.0303
2020-09-05,2020-09-06 04:28:33,6244970,44452,188538,783,2302187,18733,3754245,24936,0.0302
2020-09-06,2020-09-07 04:28:30,6276365,31395,188941,403,2315995,13808,3771429,17184,0.0301
2020-09-07,2020-09-08 04:28:25,6300622,24257,189208,267,2333551,17556,3777863,6434,0.03
2020-09-08,2020-09-09 04:28:48,6327009,26387,189653,445,2359111,25560,3778245,382,0.03
2020-09-09,2020-09-10 04:29:01,6361265,34256,190859,1206,2387479,28368,3782927,4682,0.03
2020-09-10,2020-09-11 04:46:23,6396551,35286,191766,907,2403511,16032,3801274,18347,0.03
2020-09-11,2020-09-12 04:25:05,6443743,47192,192979,1213,2417878,14367,3832886,31612,0.0299
2020-09-12,2020-09-13 04:30:52,6485214,41471,193693,714,2434658,16780,3856863,23977,0.0299
2020-09-13,2020-09-14 04:26:09,6519573,34359,194071,378,2451406,16748,3874096,17233,0.0298
2020-09-14,2020-09-15 03:22:50,6553399,33826,194489,418,2474570,23164,3884340,10244,0.0297
2020-09-15,2020-09-16 04:22:53,6605733,52334,195915,1426,2495127,20557,3914691,30351,0.0297
2020-09-16,2020-09-17 04:22:55,6630051,24318,196763,848,2525573,30446,3907715,-6976,0.0297
2020-09-17,2020-09-18 05:05:57,6674411,44360,197633,870,2540334,14761,3936444,28729,0.0296
2020-09-18,2020-09-19 04:22:56,6723933,49522,198570,937,2556465,16131,3968898,32454,0.0295
2020-09-19,2020-09-20 04:22:56,6764970,41037,199259,689,2577446,20981,3988265,19367,0.0295
2020-09-20,2020-09-21 04:23:18,6804814,39844,199509,250,2590671,13225,4014634,26369,0.0293
2020-09-21,2020-09-22 04:23:11,6856884,52070,199865,356,2615949,25278,4041070,26436,0.0291
2020-09-22,2020-09-23 04:23:40,6896218,39334,200786,921,2646959,31010,4048473,7403,0.0291
2020-09-23,2020-09-24 04:23:38,6933548,37330,201884,1098,2670256,23297,4061408,12935,0.0291
2020-09-24,2020-09-25 04:23:21,6977658,44110,202798,914,2710183,39927,4064677,3269,0.0291
2020-09-25,2020-09-26 04:23:42,7032712,55054,203750,952,2727335,17152,4101627,36950,0.029
2020-09-26,2020-09-27 04:23:45,7078089,45377,204490,740,2750459,23124,4123140,21513,0.0289
2020-09-27,2020-09-28 04:23:36,7115008,36919,204756,266,2766280,15821,4143972,20832,0.0288
2020-09-28,2020-09-29 04:23:42,7148045,33037,205072,316,2794608,28328,4148365,4393,0.0287
2020-09-29,2020-09-30 04:23:33,7190230,42185,205986,914,2813305,18697,4170939,22574,0.0286
2020-09-30,2020-10-01 04:23:42,7233042,42812,206932,946,2840688,27383,4185422,14483,0.0286
2020-10-01,2020-10-02 04:23:51,7277759,44717,207789,857,2860650,19962,4209320,23898,0.0286
2020-10-02,2020-10-03 04:23:40,7332200,54441,208695,906,2873369,12719,4250136,40816,0.0285
2020-10-03,2020-10-04 04:23:44,7382194,49994,209382,687,2897322,23953,4275490,25354,0.0284
2020-10-04,2020-10-05 04:23:33,7420971,38777,209794,412,2911699,14377,4299478,23988,0.0283
2020-10-05,2020-10-06 04:23:33,7457402,36431,210181,387,2935142,23443,4312079,12601,0.0282
2020-10-06,2020-10-07 04:23:40,7500964,43562,210886,705,2952390,17248,4337688,25609,0.0281
2020-10-07,2020-10-08 04:23:56,7549682,48718,211801,915,2999895,47505,4337986,298,0.0281
2020-10-08,2020-10-09 04:23:59,7605873,56191,212762,961,3021252,21357,4371859,33873,0.028
2020-10-09,2020-10-10 04:23:57,7663293,57420,213752,990,3039089,17837,4410452,38593,0.0279
2020-10-10,2020-10-11 04:23:46,7717932,54639,214370,618,3062983,23894,4440579,30127,0.0278
2020-10-11,2020-10-12 04:23:45,7762546,44614,214768,398,3075077,12094,4472701,32122,0.0277
2020-10-12,2020-10-13 04:24:02,7804199,41653,215085,317,3106728,31651,4482386,9685,0.0276
2020-10-13,2020-10-14 04:24:05,7856605,52406,215887,802,3124593,17865,4516125,33739,0.0275
2020-10-14,2020-10-15 04:24:28,7916099,59494,216872,985,3155794,31201,4543433,27308,0.0274
2020-10-15,2020-10-16 04:24:01,7979709,63610,217692,820,3177397,21603,4584620,41187,0.0273
2020-10-16,2020-10-17 04:24:12,8048865,69156,218575,883,3197539,20142,4632751,48131,0.0272
2020-10-17,2020-10-18 04:24:25,8106384,57519,219286,711,3220573,23034,4666525,33774,0.0271
2020-10-18,2020-10-19 04:24:16,8154594,48210,219674,388,3234138,13565,4700782,34257,0.0269
2020-10-19,2020-10-20 04:24:22,8212981,58387,220119,445,3272603,38465,4720259,19477,0.0268
2020-10-20,2020-10-21 04:24:14,8273296,60315,221052,933,3295148,22545,4757096,36837,0.0267
2020-10-21,2020-10-22 04:24:27,8336031,62735,222176,1124,3323354,28206,4790501,33405,0.0267
2020-10-22,2020-10-23 04:24:46,8407702,71671,223032,856,3353056,29702,4831614,41113,0.0265
2020-10-23,2020-10-24 04:24:46,8491459,83757,223975,943,3375427,22371,4892057,60443,0.0264
2020-10-24,2020-10-25 04:24:36,8575177,83718,224889,914,3406656,31229,4943632,51575,0.0262
2020-10-25,2020-10-26 04:25:02,8635966,60789,225229,340,3422878,16222,4987859,44227,0.0261
2020-10-26,2020-10-27 04:24:45,8702750,66784,225706,477,3460455,37577,5016589,28730,0.0259
2020-10-27,2020-10-28 04:24:39,8777432,74682,226691,985,3487666,27211,5063075,46486,0.0258
2020-10-28,2020-10-29 04:24:49,8856413,78981,227685,994,3518140,30474,5110588,47513,0.0257
2020-10-29,2020-10-30 04:24:49,8944934,88521,228656,971,3554336,36196,5161942,51354,0.0256
2020-10-30,2020-10-31 04:24:44,9044255,99321,229686,1030,3578452,24116,5236117,74175,0.0254
2020-10-31,2020-11-01 04:36:19,9125482,81227,230548,862,3612478,34026,5282456,46339,0.0253
2020-11-01,2020-11-02 05:25:04,9206975,81493,230995,447,3630579,18101,5345401,62945,0.0251
2020-11-02,2020-11-03 06:00:16,9291064,84089,231552,557,3674981,44402,5384531,39130,0.0249
2020-11-03,2020-11-04 05:25:09,9382617,91553,232620,1068,3705130,30149,5444867,60336,0.0248
2020-11-04,2020-11-05 06:05:03,9485448,102831,233717,1097,3743527,38397,5508204,63337,0.0246
2020-11-05,2020-11-06 05:24:55,9607336,121888,234927,1210,3781751,38224,5590658,82454,0.0245
2020-11-06,2020-11-07 05:24:52,9733816,126480,236073,1146,3810791,29040,5686952,96294,0.0243
2020-11-07,2020-11-08 05:24:56,9860558,126742,237113,1040,3851465,40674,5771980,85028,0.024
2020-11-08,2020-11-09 05:25:45,9968155,107597,237570,457,3881491,30026,5849094,77114,0.0238
2020-11-09,2020-11-10 05:40:07,10111077,142922,238256,686,3928845,47354,5943976,94882,0.0236
2020-11-10,2020-11-11 05:25:30,10252129,141052,239671,1415,3961873,33028,6050585,106609,0.0234
2020-11-11,2020-11-12 05:25:55,10400227,148098,241798,2127,3997175,35302,6161254,110669,0.0232
2020-11-12,2020-11-13 05:25:30,10552821,152594,242423,625,4051256,54081,6259142,97888,0.023
2020-11-13,2020-11-14 05:25:37,10737335,184514,244332,1909,4095146,43890,6397857,138715,0.0228
2020-11-14,2020-11-15 05:26:53,10903890,166555,245598,1266,4148444,53298,6509848,111991,0.0225
2020-11-15,2020-11-16 05:25:57,11036935,133045,246214,616,4174884,26440,6615837,105989,0.0223
2020-11-16,2020-11-17 05:25:54,11202980,166045,247202,988,4244811,69927,6710967,95130,0.0221
2020-11-17,2020-11-18 05:40:31,11357322,154342,248672,1470,4293640,48829,6815010,104043,0.0219
2020-11-18,2020-11-19 05:25:23,11527483,170161,250520,1848,4350789,57149,6926174,111164,0.0217
2020-11-19,2020-11-20 05:26:28,11715316,187833,252535,2015,4410709,59920,7052072,125898,0.0216
2020-11-20,2020-11-21 05:25:51,11910858,195542,254413,1878,4457930,47221,7198515,146443,0.0214
2020-11-21,2020-11-22 05:25:45,12088410,177552,255861,1448,4529700,71770,7302849,104334,0.0212
2020-11-22,2020-11-23 05:25:26,12246849,158439,256782,921,4526513,-3187,7463554,160705,0.021
2020-11-23,2020-11-24 05:27:31,12416039,169190,257671,889,4633600,107087,7524768,61214,0.0208
2020-11-24,2020-11-25 05:27:20,12591163,175124,259925,2254,4696664,63064,7634574,109806,0.0206
2020-11-25,2020-11-26 05:27:44,12772653,181490,262222,2297,4835956,139292,7674475,39901,0.0205
2020-11-26,2020-11-27 05:26:53,12883264,110611,263454,1232,4871203,35247,7748607,74132,0.0204
2020-11-27,2020-11-28 05:25:50,13088821,205557,264858,1404,4947446,76243,7876517,127910,0.0202
2020-11-28,2020-11-29 05:25:55,13244417,155596,266047,1189,5023063,75617,7955307,78790,0.0201
2020-11-29,2020-11-30 05:26:13,13383320,138903,266873,826,5065030,41967,8051417,96110,0.0199
2020-11-30,2020-12-01 05:26:18,13541221,157901,268045,1172,5146319,81289,8126857,75440,0.0198
2020-12-01,2020-12-02 05:27:41,13721304,180083,270642,2597,5226581,80262,8224081,97224,0.0197
2020-12-02,2020-12-03 05:28:22,13921374,200070,273799,3157,5322128,95547,8325447,101366,0.0197
2020-12-03,2020-12-04 05:27:27,14139577,218203,276325,2526,5404018,81890,8459234,133787,0.0195
2020-12-04,2020-12-05 05:27:36,14367462,227885,278932,2607,5470389,66371,8618141,158907,0.0194
2020-12-05,2020-12-06 05:26:18,14581337,213875,281186,2254,5576026,105637,8724125,105984,0.0193
2020-12-06,2020-12-07 05:26:14,14757000,175663,282299,1113,5624444,48418,8850257,126132,0.0191
2020-12-07,2020-12-08 05:27:42,14949299,192299,283703,1404,5714557,90113,8951039,100782,0.019
2020-12-08,2020-12-09 05:28:01,15164885,215586,286237,2534,5786915,72358,9091733,140694,0.0189
2020-12-09,2020-12-10 05:26:19,15386562,221677,289373,3136,5889896,102981,9207293,115560,0.0188
2020-12-10,2020-12-11 05:26:59,15611014,224452,292141,2768,5985047,95151,9333826,126533,0.0187
2020-12-11,2020-12-12 05:26:19,15842789,231775,295450,3309,6135314,150267,9412025,78199,0.0186
2020-12-12,2020-12-13 05:27:20,16062299,219510,297818,2368,6246605,111291,9517876,105851,0.0185
2020-12-13,2020-12-14 05:26:27,16253219,190920,299168,1350,6298082,51477,9655969,138093,0.0184
2020-12-14,2020-12-15 05:26:38,16519462,266243,300479,1311,6399531,101449,9819452,163483,0.0182
2020-12-15,2020-12-16 05:28:04,16716777,197315,303773,3294,0,-6399531,16413004,6593552,0.0182
2020-12-16,2020-12-17 05:28:12,16964180,247403,307429,3656,0,0,16656751,243747,0.0181
2020-12-17,2020-12-18 05:28:18,17206647,242467,310699,3270,0,0,16895948,239197,0.0181
2020-12-18,2020-12-19 05:27:52,17459296,252649,313588,2889,0,0,17145708,249760,0.018
2020-12-19,2020-12-20 05:27:32,17655591,196295,316159,2571,0,0,17339432,193724,0.0179
2020-12-20,2020-12-21 05:27:58,17844690,189099,317668,1509,0,0,17527022,187590,0.0178
2020-12-21,2020-12-22 05:22:33,18035209,190519,319364,1696,0,0,17715845,188823,0.0177
2020-12-22,2020-12-23 05:22:03,18230242,195033,322765,3401,0,0,17907477,191632,0.0177
2020-12-23,2020-12-24 05:23:04,18458373,228131,326124,3359,0,0,18132249,224772,0.0177
2020-12-24,2020-12-25 05:22:48,18650454,192081,329023,2899,0,0,18321431,189182,0.0176
2020-12-25,2020-12-26 05:22:28,18756360,105906,330246,1223,0,0,18426114,104683,0.0176
2020-12-26,2020-12-27 05:22:55,18982634,226274,331909,1663,0,0,18650725,224611,0.0175
2020-12-27,2020-12-28 05:22:06,19132726,150092,333118,1209,0,0,18799608,148883,0.0174
2020-12-28,2020-12-29 05:22:37,19301543,168817,334836,1718,0,0,18966707,167099,0.0173
2020-12-29,2020-12-30 05:22:34,19556927,255384,338561,3725,0,0,19218366,251659,0.0173
2020-12-30,2020-12-31 05:22:49,19740468,183541,342312,3751,0,0,19398156,179790,0.0173
2020-12-31,2021-01-01 05:23:07,19968087,227619,345737,3425,0,0,19622350,224194,0.0173
2021-01-01,2021-01-02 05:22:33,20128693,160606,347788,2051,0,0,19780905,158555,0.0173
2021-01-02,2021-01-03 05:22:52,20427780,299087,350186,2398,0,0,20077594,296689,0.0171
2021-01-03,2021-01-04 05:22:02,20636663,208883,351580,1394,0,0,20285083,207489,0.017
2021-01-04,2021-01-05 05:21:49,20817140,180477,353483,1903,0,0,20463657,178574,0.017
2021-01-05,2021-01-06 05:22:16,21046195,229055,357258,3775,0,0,20688937,225280,0.017
2021-01-06,2021-01-07 05:22:03,21299340,253145,361123,3865,0,0,20938217,249280,0.017
2021-01-07,2021-01-08 05:22:42,21574043,274703,365208,4085,0,0,21208835,270618,0.0169
2021-01-08,2021-01-09 05:22:18,21862773,288730,368773,3565,0,0,21494000,285165,0.0169
2021-01-09,2021-01-10 05:22:12,22132396,269623,372428,3655,0,0,21759968,265968,0.0168
2021-01-10,2021-01-11 05:21:50,22406747,274351,374322,1894,0,0,22032425,272457,0.0167
2021-01-11,2021-01-12 05:22:15,22613784,207037,376060,1738,0,0,22237724,205299,0.0166
2021-01-12,2021-01-13 05:22:15,22838110,224326,380670,4610,0,0,22457440,219716,0.0167
2021-01-13,2021-01-14 05:22:32,23071895,233785,384653,3983,0,0,22687242,229802,0.0167
2021-01-14,2021-01-15 05:22:24,23307232,235337,388533,3880,0,0,22918699,231457,0.0167
2021-01-15,2021-01-16 05:22:40,23524081,216849,391955,3422,0,0,23132126,213427,0.0167
2021-01-16,2021-01-17 05:22:17,23754315,230234,395785,3830,0,0,23358530,226404,0.0167
2021-01-17,2021-01-18 05:22:34,23933368,179053,397574,1789,0,0,23535794,177264,0.0166
2021-01-18,2021-01-19 05:22:15,24074658,141290,398981,1407,0,0,23675677,139883,0.0166
2021-01-19,2021-01-20 05:21:54,24246830,172172,401553,2572,0,0,23845277,169600,0.0166
2021-01-20,2021-01-21 05:22:01,24438723,191893,406147,4594,0,0,24032576,187299,0.0166
2021-01-21,2021-01-22 05:22:10,24627675,188952,410102,3955,0,0,24217573,184997,0.0167
2021-01-22,2021-01-23 05:22:03,24818779,191104,414004,3902,0,0,24404775,187202,0.0167
2021-01-23,2021-01-24 05:22:35,24991748,172969,417399,3395,0,0,24574349,169574,0.0167
2021-01-24,2021-01-25 05:22:16,25124948,133200,419208,1809,0,0,24705740,131391,0.0167
2021-01-25,2021-01-26 05:22:02,25293201,168253,420972,1764,0,0,24872229,166489,0.0166
2021-01-26,2021-01-27 05:23:41,25439570,146369,425119,4147,0,0,25014451,142222,0.0167
2021-01-27,2021-01-28 05:22:24,25598061,158491,429195,4076,0,0,25168866,154415,0.0168
2021-01-28,2021-01-29 05:22:23,25762726,164665,433067,3872,0,0,25329659,160793,0.0168
2021-01-29,2021-01-30 05:22:49,25929282,166556,436678,3611,0,0,25492604,162945,0.0168
2021-01-30,2021-01-31 05:22:42,26069046,139764,439439,2761,0,0,25629607,137003,0.0169
2021-01-31,2021-02-01 05:22:53,26185355,116309,441319,1880,0,0,25744036,114429,0.0169
2021-02-01,2021-02-02 05:22:49,26317540,132185,443205,1886,0,0,25874335,130299,0.0168
2021-02-02,2021-02-03 05:22:52,26431799,114259,446744,3539,0,0,25985055,110720,0.0169
2021-02-03,2021-02-04 05:22:26,26554792,122993,450681,3937,0,0,26104111,119056,0.017
2021-02-04,2021-02-05 05:22:38,26676957,122165,455738,5057,0,0,26221219,117108,0.0171
2021-02-05,2021-02-06 05:23:55,26808328,131371,459403,3665,0,0,26348925,127706,0.0171
2021-02-06,2021-02-07 05:23:00,26916192,107864,462173,2770,0,0,26454019,105094,0.0172
2021-02-07,2021-02-08 05:22:39,27004715,88523,463437,1264,0,0,26541278,87259,0.0172
2021-02-08,2021-02-09 05:23:30,27094014,89299,464941,1504,0,0,26629073,87795,0.0172
2021-02-09,2021-02-10 05:22:41,27189761,95747,468103,3162,0,0,26721658,92585,0.0172
2021-02-10,2021-02-11 05:23:55,27285621,95860,471422,3319,0,0,26814199,92541,0.0173
2021-02-11,2021-02-12 05:23:29,27390465,104844,475291,3869,0,0,26915174,100975,0.0174
2021-02-12,2021-02-13 05:22:12,27490037,99572,480767,5476,0,0,27009270,94096,0.0175
2021-02-13,2021-02-14 05:23:43,27574201,84164,484200,3433,0,0,27090001,80731,0.0176
2021-02-14,2021-02-15 05:24:49,27639538,65337,485332,1132,0,0,27154206,64205,0.0176
2021-02-15,2021-02-16 05:24:38,27692967,53429,486321,989,0,0,27206646,52440,0.0176
2021-02-16,2021-02-17 05:23:10,27753824,60857,487927,1606,0,0,27265897,59251,0.0176
2021-02-17,2021-02-18 05:22:58,27825043,71219,490447,2520,0,0,27334596,68699,0.0176
2021-02-18,2021-02-19 05:24:16,27896042,70999,493082,2635,0,0,27402960,68364,0.0177
2021-02-19,2021-02-20 05:22:51,28004315,108273,495693,2611,0,0,27508622,105662,0.0177
2021-02-20,2021-02-21 05:24:33,28076756,72441,497597,1904,0,0,27579159,70537,0.0177
2021-02-21,2021-02-22 05:24:21,28133699,56943,498883,1286,0,0,27634816,55657,0.0177
2021-02-22,2021-02-23 05:23:41,28188571,54872,500244,1361,0,0,27688327,53511,0.0177
2021-02-23,2021-02-24 05:29:16,28259987,71416,502594,2350,0,0,27757393,69066,0.0178
2021-02-24,2021-02-25 05:24:57,28334981,74994,505808,3214,0,0,27829173,71780,0.0179
2021-02-25,2021-02-26 05:22:40,28411273,76292,508127,2319,0,0,27903146,73973,0.0179
2021-02-26,2021-02-27 05:22:28,28486394,75121,510458,2331,0,0,27975936,72790,0.0179
2021-02-27,2021-02-28 05:22:20,28554465,68071,511994,1536,0,0,28042471,66535,0.0179
2021-02-28,2021-03-01 05:23:01,28605669,51204,513091,1097,0,0,28092578,50107,0.0179
2021-03-01,2021-03-02 05:23:30,28663108,57439,514522,1431,0,0,28148586,56008,0.018
2021-03-02,2021-03-03 05:23:28,28718025,54917,516476,1954,0,0,28201549,52963,0.018
2021-03-03,2021-03-04 05:24:24,28786045,68020,518345,1869,0,0,28267700,66151,0.018
2021-03-04,2021-03-05 05:26:29,28825427,39382,520228,1883,0,0,28305199,37499,0.018
2021-03-05,2021-03-06 04:23:41,28890034,64607,522761,2533,0,0,28367273,62074,0.0181
2021-03-06,2021-03-07 05:21:54,28952137,62103,524319,1558,0,0,28427818,60545,0.0181
2021-03-07,2021-03-08 05:24:48,28993873,41736,525033,714,0,0,28468840,41022,0.0181
2021-03-08,2021-03-09 05:28:19,29038631,44758,525752,719,0,0,28512879,44039,0.0181
2021-03-09,2021-03-10 05:24:35,29094540,55909,527643,1891,0,0,28566897,54018,0.0181
2021-03-10,2021-03-11 05:25:48,29153715,59175,529193,1550,0,0,28624522,57625,0.0182
2021-03-11,2021-03-12 05:26:50,29285001,131286,530727,1534,0,0,28754274,129752,0.0181
2021-03-12,2021-03-13 05:25:15,29345660,60659,532555,1828,0,0,28813105,58831,0.0181
2021-03-13,2021-03-14 05:25:37,29399980,54320,534291,1736,0,0,28865689,52584,0.0182
2021-03-14,2021-03-15 05:25:51,29438222,38242,534880,589,0,0,28903342,37653,0.0182
2021-03-15,2021-03-16 05:25:13,29494539,56317,535628,748,0,0,28958911,55569,0.0182
2021-03-16,2021-03-17 05:25:07,29547753,53214,536914,1286,0,0,29010839,51928,0.0182
2021-03-17,2021-03-18 05:26:22,29605933,58180,538052,1138,0,0,29067881,57042,0.0182
2021-03-18,2021-03-19 05:26:09,29665679,59746,539698,1646,0,0,29125981,58100,0.0182
2021-03-19,2021-03-20 05:25:46,29729968,64289,541143,1445,0,0,29188825,62844,0.0182
2021-03-20,2021-03-21 05:25:44,29782753,52785,541914,771,0,0,29240839,52014,0.0182
2021-03-21,2021-03-22 05:25:43,29818528,35775,542356,442,0,0,29276172,35333,0.0182
2021-03-22,2021-03-23 05:26:18,29867689,49161,542888,532,0,0,29324801,48629,0.0182
2021-03-23,2021-03-24 05:25:40,29921101,53412,543793,905,0,0,29377308,52507,0.0182
2021-03-24,2021-03-25 05:27:00,30009773,88672,545237,1444,0,0,29464536,87228,0.0182
2021-03-25,2021-03-26 05:26:55,30079282,69509,546822,1585,0,0,29532460,67924,0.0182
2021-03-26,2021-03-27 05:25:04,30159966,80684,548087,1265,0,0,29611879,79419,0.0182
2021-03-27,2021-03-28 05:28:10,30218319,58353,548828,741,0,0,29669491,57612,0.0182
2021-03-28,2021-03-29 04:28:35,30262123,43804,549335,507,0,0,29712788,43297,0.0182
2021-03-29,2021-03-30 04:26:23,30331025,68902,550003,668,0,0,29781022,68234,0.0181
2021-03-30,2021-03-31 04:26:25,30393001,61976,550967,964,0,0,29842034,61012,0.0181
2021-03-31,2021-04-01 04:27:05,30459874,66873,552038,1071,0,0,29907836,65802,0.0181
2021-04-01,2021-04-02 04:20:36,30539175,79301,553120,1082,0,0,29986055,78219,0.0181
2021-04-02,2021-04-03 04:20:44,30608366,69191,554074,954,0,0,30054292,68237,0.0181
2021-04-03,2021-04-04 04:20:49,30671844,63478,554779,705,0,0,30117065,62773,0.0181
2021-04-04,2021-04-05 04:20:35,30706126,34282,555001,222,0,0,30151125,34060,0.0181
2021-04-05,2021-04-06 04:20:32,30784405,78279,555597,596,0,0,30228808,77683,0.018
2021-04-06,2021-04-07 04:20:53,30846396,61991,556509,912,0,0,30289887,61079,0.018
2021-04-07,2021-04-08 04:21:13,30921976,75580,559109,2600,0,0,30362867,72980,0.0181
2021-04-08,2021-04-09 04:21:13,31001640,79664,560090,981,0,0,30441550,78683,0.0181
2021-04-09,2021-04-10 04:20:59,31084962,83322,561074,984,0,0,30523888,82338,0.018
2021-04-10,2021-04-11 04:20:56,31151495,66533,561783,709,0,0,30589712,65824,0.018
2021-04-11,2021-04-12 04:21:00,31197511,46016,562066,283,0,0,30635445,45733,0.018
2021-04-12,2021-04-13 04:20:37,31267359,69848,562521,455,0,0,30704838,69393,0.018
2021-04-13,2021-04-14 04:20:41,31345312,77953,563440,919,0,0,30781872,77034,0.018
2021-04-14,2021-04-15 04:20:54,31421325,76013,564402,962,0,0,30856923,75051,0.018
2021-04-15,2021-04-16 04:20:46,31495164,73839,565283,881,0,0,30929881,72958,0.0179
2021-04-16,2021-04-17 04:20:40,31575182,80018,566215,932,0,0,31008967,79086,0.0179
2021-04-17,2021-04-18 04:20:41,31627701,52519,566893,678,0,0,31060808,51841,0.0179
2021-04-18,2021-04-19 04:20:57,31669880,42179,567217,324,0,0,31102663,41855,0.0179
2021-04-19,2021-04-20 04:20:41,31737347,67467,567690,473,0,0,31169657,66994,0.0179
2021-04-20,2021-04-21 04:21:14,31792110,54763,568461,771,0,0,31223649,53992,0.0179
2021-04-21,2021-04-22 04:20:53,31862080,69970,569401,940,0,0,31292679,69030,0.0179
2021-04-22,2021-04-23 04:20:52,31928507,66427,570321,920,0,0,31358186,65507,0.0179
2021-04-23,2021-04-24 04:20:38,31991750,63243,571197,876,0,0,31420553,62367,0.0179
2021-04-24,2021-04-25 04:20:32,32044974,53224,571920,723,0,0,31473054,52501,0.0178
2021-04-25,2021-04-26 04:21:04,32077075,32101,572200,280,0,0,31504875,31821,0.0178
2021-04-26,2021-04-27 04:20:52,32124385,47310,572666,466,0,0,31551719,46844,0.0178
2021-04-27,2021-04-28 04:20:32,32175049,50664,573378,712,0,0,31601671,49952,0.0178
2021-04-28,2021-04-29 04:20:55,32229327,54278,574326,948,0,0,31655001,53330,0.0178
2021-04-29,2021-04-30 04:21:03,32288689,59362,575193,867,0,0,31713496,58495,0.0178
2021-04-30,2021-05-01 04:20:47,32345062,56373,575921,728,0,0,31769141,55645,0.0178
2021-05-01,2021-05-02 04:20:48,32390294,45232,576722,801,0,0,31813572,44431,0.0178
2021-05-02,2021-05-03 04:20:39,32421534,31240,577045,323,0,0,31844489,30917,0.0178
2021-05-03,2021-05-04 04:20:34,32470920,49386,577500,455,0,0,31893420,48931,0.0178
2021-05-04,2021-05-05 04:20:43,32512575,41655,578481,981,0,0,31934094,40674,0.0178
2021-05-05,2021-05-06 04:20:38,32557440,44865,579276,795,0,0,31978164,44070,0.0178
2021-05-06,2021-05-07 04:20:40,32604495,47055,580061,785,0,0,32024434,46270,0.0178
2021-05-07,2021-05-08 04:21:04,32651036,46541,580886,825,0,0,32070150,45716,0.0178
2021-05-08,2021-05-09 04:20:35,32686256,35220,581516,630,0,0,32104740,34590,0.0178
2021-05-09,2021-05-10 04:20:38,32707641,21385,581754,238,0,0,32125887,21147,0.0178
2021-05-10,2021-05-11 04:20:41,32743300,35659,582150,396,0,0,32161150,35263,0.0178
2021-05-11,2021-05-12 04:21:29,32778374,35074,582834,684,0,0,32195540,34390,0.0178
2021-05-12,2021-05-13 04:20:51,32814415,36041,583684,850,0,0,32230731,35191,0.0178
2021-05-13,2021-05-14 04:20:41,32852871,38456,584487,803,0,0,32268384,37653,0.0178
2021-05-14,2021-05-15 04:20:58,32894616,41745,585225,738,0,0,32309391,41007,0.0178
2021-05-15,2021-05-16 04:20:49,32923842,29226,585708,483,0,0,32338134,28743,0.0178
2021-05-16,2021-05-17 04:20:34,32940778,16936,585970,262,0,0,32354808,16674,0.0178
2021-05-17,2021-05-18 04:20:33,32994339,53561,586359,389,0,0,32407980,53172,0.0178
2021-05-18,2021-05-19 04:20:42,32996786,2447,587203,844,0,0,32409583,1603,0.0178
2021-05-19,2021-05-20 04:21:05,33026290,29504,587867,664,0,0,32438423,28840,0.0178
2021-05-20,2021-05-21 04:20:43,33056207,29917,588536,669,0,0,32467671,29248,0.0178
2021-05-21,2021-05-22 04:20:45,33084800,28593,589222,686,0,0,32495578,27907,0.0178
2021-05-22,2021-05-23 04:20:51,33104800,20000,589703,481,0,0,32515097,19519,0.0178
2021-05-23,2021-05-24 04:20:53,33117656,12856,589893,190,0,0,32527763,12666,0.0178
2021-05-24,2021-05-25 04:21:08,33143246,25590,590529,636,0,0,32552717,24954,0.0178
2021-05-25,2021-05-26 04:20:35,33165820,22574,590925,396,0,0,32574895,22178,0.0178
2021-05-26,2021-05-27 04:20:59,33190161,24341,591947,1022,0,0,32598214,23319,0.0178
2021-05-27,2021-05-28 04:20:36,33217718,27557,593282,1335,0,0,32624436,26222,0.0179
2021-05-28,2021-05-29 04:20:41,33239700,21982,593955,673,0,0,32645745,21309,0.0179
2021-05-29,2021-05-30 04:20:55,33251811,12111,594306,351,0,0,32657505,11760,0.0179
2021-05-30,2021-05-31 03:08:59,33258623,6812,594430,124,0,0,32664193,6688,0.0179
2021-05-31,2021-06-01 04:23:09,33264380,5757,594568,138,0,0,32669812,5619,0.0179
2021-06-01,2021-06-02 04:24:34,33287124,22744,595211,643,0,0,32691913,22101,0.0179
2021-06-02,2021-06-03 04:23:32,33307008,19884,595825,614,0,0,32711183,19270,0.0179
2021-06-03,2021-06-04 04:23:37,33326083,19075,596401,576,0,0,32729682,18499,0.0179
2021-06-04,2021-06-05 04:23:03,33343023,16940,597001,600,0,0,32746022,16340,0.0179
2021-06-05,2021-06-06 04:24:03,33357080,14057,597377,376,0,0,32759703,13681,0.0179
2021-06-06,2021-06-07 04:22:51,33362535,5455,597628,251,0,0,32764907,5204,0.0179
2021-06-07,2021-06-08 04:22:35,33377696,15161,597949,321,0,0,32779747,14840,0.0179
2021-06-08,2021-06-09 04:23:31,33391107,13411,598332,383,0,0,32792775,13028,0.0179
2021-06-09,2021-06-10 04:23:17,33414025,22918,598764,432,0,0,32815261,22486,0.0179
2021-06-10,2021-06-11 04:23:20,33426310,12285,598744,-20,0,0,32827566,12305,0.0179
2021-06-11,2021-06-12 04:22:22,33437746,11436,599180,436,0,0,32838566,11000,0.0179
2021-06-12,2021-06-13 04:22:44,33457407,19661,599664,484,0,0,32857743,19177,0.0179
2021-06-13,2021-06-14 04:22:46,33461982,4575,599769,105,0,0,32862213,4470,0.0179
2021-06-14,2021-06-15 04:22:22,33474692,12710,599945,176,0,0,32874747,12534,0.0179
2021-06-15,2021-06-16 04:22:32,33485068,10376,600272,327,0,0,32884796,10049,0.0179
2021-06-16,2021-06-17 04:22:36,33498468,13400,600653,381,0,0,32897815,13019,0.0179
2021-06-17,2021-06-18 04:22:16,33508867,10399,600934,281,0,0,32907933,10118,0.0179
2021-06-18,2021-06-19 04:22:33,33516175,7308,601571,637,0,0,32914604,6671,0.0179
2021-06-19,2021-06-20 04:21:48,33537995,21820,601741,170,0,0,32936254,21650,0.0179
2021-06-20,2021-06-21 04:21:41,33541887,3892,601824,83,0,0,32940063,3809,0.0179
2021-06-21,2021-06-22 04:21:34,33554275,12388,602092,268,0,0,32952183,12120,0.0179
2021-06-22,2021-06-23 04:21:46,33564802,10527,602459,367,0,0,32962343,10160,0.0179
2021-06-23,2021-06-24 04:21:55,33577651,12849,602837,378,0,0,32974814,12471,0.018
2021-06-24,2021-06-25 04:21:33,33590481,12830,603178,341,0,0,32987303,12489,0.018
2021-06-25,2021-06-26 04:21:43,33603148,12667,603527,349,0,0,32999621,12318,0.018
2021-06-26,2021-06-27 04:21:39,33621348,18200,603886,359,0,0,33017462,17841,0.018
2021-06-27,2021-06-28 04:21:29,33624983,3635,603966,80,0,0,33021017,3555,0.018
2021-06-28,2021-06-29 04:21:28,33640493,15510,604115,149,0,0,33036378,15361,0.018
2021-06-29,2021-06-30 04:21:41,33652098,11605,604474,359,0,0,33047624,11246,0.018
2021-06-30,2021-07-01 04:21:19,33664894,12796,604714,240,0,0,33060180,12556,0.018
2021-07-01,2021-07-02 04:21:47,33678318,13424,605013,299,0,0,33073305,13125,0.018
2021-07-02,2021-07-03 04:21:37,33709131,30813,605524,511,0,0,33103607,30302,0.018
2021-07-03,2021-07-04 04:21:38,33713826,4695,605493,-31,0,0,33108333,4726,0.018
2021-07-04,2021-07-05 04:21:28,33717567,3741,605526,33,0,0,33112041,3708,0.018
2021-07-05,2021-07-06 04:21:32,33723095,5528,605567,41,0,0,33117528,5487,0.018
2021-07-06,2021-07-07 04:21:20,33746563,23468,605905,338,0,0,33140658,23130,0.018
2021-07-07,2021-07-08 04:21:26,33770444,23881,606218,313,0,0,33164226,23568,0.018
2021-07-08,2021-07-09 04:21:21,33790505,20061,606475,257,0,0,33184030,19804,0.0179
2021-07-09,2021-07-10 04:21:25,33837389,46884,606988,513,0,0,33230401,46371,0.0179
2021-07-10,2021-07-11 04:21:43,33847784,10395,607132,144,0,0,33240652,10251,0.0179
2021-07-11,2021-07-12 04:21:34,33853948,6164,607156,24,0,0,33246792,6140,0.0179
2021-07-12,2021-07-13 04:21:18,33886713,32765,607392,236,0,0,33279321,32529,0.0179
2021-07-13,2021-07-14 04:21:35,33914880,28167,607771,379,0,0,33307109,27788,0.0179
2021-07-14,2021-07-15 04:21:48,33947182,32302,608115,344,0,0,33339067,31958,0.0179
2021-07-15,2021-07-16 04:21:22,33975642,28460,608398,283,0,0,33367244,28177,0.0179
2021-07-16,2021-07-17 04:22:22,34053080,77438,608815,417,0,0,33444265,77021,0.0179
2021-07-17,2021-07-18 04:22:07,34067669,14589,608882,67,0,0,33458787,14522,0.0179
2021-07-18,2021-07-19 04:21:24,34079960,12291,609019,137,0,0,33470941,12154,0.0179
2021-07-19,2021-07-20 04:21:48,34132071,52111,609231,212,0,0,33522840,51899,0.0178
2021-07-20,2021-07-21 04:21:40,34174774,42703,609529,298,0,0,33565245,42405,0.0178
2021-07-21,2021-07-22 04:21:19,34226806,52032,609862,333,0,0,33616944,51699,0.0178
2021-07-22,2021-07-23 04:21:29,34281864,55058,610177,315,0,0,33671687,54743,0.0178
2021-07-23,2021-07-24 00:21:36,34400655,118791,610720,543,0,0,33789935,118248,0.0178
2021-07-24,2021-07-25 04:22:12,34428050,27395,610835,115,0,0,33817215,27280,0.0177
2021-07-25,2021-07-26 04:21:28,34443761,15711,610891,56,0,0,33832870,15655,0.0177
2021-07-26,2021-07-27 04:21:18,34533058,89297,610951,60,0,0,33922107,89237,0.0177
2021-07-27,2021-07-28 04:21:39,34603919,70861,611414,463,0,0,33992505,70398,0.0177
2021-07-28,2021-07-29 04:21:33,34672690,68771,611801,387,0,0,34060889,68384,0.0176
2021-07-29,2021-07-30 04:21:34,34750605,77915,612117,316,0,0,34138488,77599,0.0176
2021-07-30,2021-07-31 04:21:35,34945468,194863,613013,896,0,0,34332455,193967,0.0175
2021-07-31,2021-08-01 04:21:50,34978276,32808,613157,144,0,0,34365119,32664,0.0175
2021-08-01,2021-08-02 04:21:36,35002148,23872,613224,67,0,0,34388924,23805,0.0175
2021-08-02,2021-08-03 04:21:39,35131393,129245,613679,455,0,0,34517714,128790,0.0175
2021-08-03,2021-08-04 04:21:25,35237950,106557,614295,616,0,0,34623655,105941,0.0174
2021-08-04,2021-08-05 04:21:51,35330664,92714,614785,490,0,0,34715879,92224,0.0174
2021-08-05,2021-08-06 04:21:18,35437377,106713,615319,534,0,0,34822058,106179,0.0174
2021-08-06,2021-08-07 04:21:30,35695469,258092,616493,1174,0,0,35078976,256918,0.0173
2021-08-07,2021-08-08 04:21:33,35739551,44082,616718,225,0,0,35122833,43857,0.0173
2021-08-08,2021-08-09 04:21:24,35763414,23863,616829,111,0,0,35146585,23752,0.0172
2021-08-09,2021-08-10 04:21:27,35948131,184717,617321,492,0,0,35330810,184225,0.0172
2021-08-10,2021-08-11 04:21:58,36051126,102995,618114,793,0,0,35433012,102202,0.0171
2021-08-11,2021-08-12 04:21:25,36190179,139053,618479,365,0,0,35571700,138688,0.0171
2021-08-12,2021-08-13 04:21:24,36306724,116545,619093,614,0,0,35687631,115931,0.0171
2021-08-13,2021-08-14 04:21:25,36597564,290840,621016,1923,0,0,35976548,288917,0.017
2021-08-14,2021-08-15 04:21:41,36636853,39289,621226,210,0,0,36015627,39079,0.017
2021-08-15,2021-08-16 04:21:31,36678753,41900,621635,409,0,0,36057118,41491,0.0169
2021-08-16,2021-08-17 04:21:49,36888741,209988,622318,683,0,0,36266423,209305,0.0169
2021-08-17,2021-08-18 04:21:35,37017741,129000,623321,1003,0,0,36394420,127997,0.0168
2021-08-18,2021-08-19 04:21:15,37155004,137263,624253,932,0,0,36530751,136331,0.0168
2021-08-19,2021-08-20 04:21:33,37294141,139137,625166,913,0,0,36668975,138224,0.0168
2021-08-20,2021-08-21 04:21:38,37613597,319456,627843,2677,0,0,36985754,316779,0.0167
2021-08-21,2021-08-22 04:21:29,37673118,59521,628303,460,0,0,37044815,59061,0.0167
2021-08-22,2021-08-23 04:21:27,37709810,36692,628503,200,0,0,37081307,36492,0.0167
2021-08-23,2021-08-24 04:21:19,37935465,225655,629406,903,0,0,37306059,224752,0.0166
2021-08-24,2021-08-25 04:21:41,38074886,139421,630816,1410,0,0,37444070,138011,0.0166
2021-08-25,2021-08-26 04:21:28,38223029,148143,632272,1456,0,0,37590757,146687,0.0165
2021-08-26,2021-08-27 04:21:37,38384360,161331,633564,1292,0,0,37750796,160039,0.0165
2021-08-27,2021-08-28 04:21:28,38707252,322892,636720,3156,0,0,38070532,319736,0.0164
2021-08-28,2021-08-29 04:21:14,38757006,49754,637244,524,0,0,38119762,49230,0.0164
2021-08-29,2021-08-30 04:21:23,38796746,39740,637531,287,0,0,38159215,39453,0.0164
2021-08-30,2021-08-31 04:21:46,39057368,260622,638711,1180,0,0,38418657,259442,0.0164
2021-08-31,2021-09-01 04:21:38,39198072,140704,640108,1397,0,0,38557964,139307,0.0163
2021-09-01,2021-09-02 04:21:15,39396156,198084,642081,1973,0,0,38754075,196111,0.0163
2021-09-02,2021-09-03 04:21:20,39549299,153143,643669,1588,0,0,38905630,151555,0.0163
2021-09-03,2021-09-04 04:21:28,39850256,300957,647579,3910,0,0,39202677,297047,0.0163
2021-09-04,2021-09-05 04:21:33,39906426,56170,648106,527,0,0,39258320,55643,0.0162
2021-09-05,2021-09-06 04:21:22,39944987,38561,648468,362,0,0,39296519,38199,0.0162
2021-09-06,2021-09-07 04:21:35,40018318,73331,648998,530,0,0,39369320,72801,0.0162
2021-09-07,2021-09-08 04:21:31,40280001,261683,650511,1513,0,0,39629490,260170,0.0161
2021-09-08,2021-09-09 04:21:27,40456683,176682,652654,2143,0,0,39804029,174539,0.0161
2021-09-09,2021-09-10 04:21:20,40601577,144894,654579,1925,0,0,39946998,142969,0.0161
2021-09-10,2021-09-11 04:21:30,40863822,262245,658992,4413,0,0,40204830,257832,0.0161
2021-09-11,2021-09-12 04:21:13,40921394,57572,659691,699,0,0,40261703,56873,0.0161
2021-09-12,2021-09-13 04:21:15,40955201,33807,659970,279,0,0,40295231,33528,0.0161
2021-09-13,2021-09-14 04:21:41,41221266,266065,662106,2136,0,0,40559160,263929,0.0161
2021-09-14,2021-09-15 03:22:37,41364566,143300,663923,1817,0,0,40700643,141483,0.0161
2021-09-15,2021-09-16 04:22:19,41536511,171945,666607,2684,0,0,40869904,169261,0.016
2021-09-16,2021-09-17 04:21:46,41785903,249392,670000,3393,0,0,41115903,245999,0.016
2021-09-17,2021-09-18 04:21:24,41993789,207886,672635,2635,0,0,41321154,205251,0.016
2021-09-18,2021-09-19 04:21:34,42050638,56849,673472,837,0,0,41377166,56012,0.016
2021-09-19,2021-09-20 04:21:22,42087432,36794,673763,291,0,0,41413669,36503,0.016
2021-09-20,2021-09-21 04:21:26,42287755,200323,676059,2296,0,0,41611696,198027,0.016
2021-09-21,2021-09-22 04:21:45,42410607,122852,678407,2348,0,0,41732200,120504,0.016
2021-09-22,2021-09-23 04:21:43,42543510,132903,681192,2785,0,0,41862318,130118,0.016
2021-09-23,2021-09-24 04:21:44,42669114,125604,684311,3119,0,0,41984803,122485,0.016
2021-09-24,2021-09-25 04:21:31,42853724,184610,687084,2773,0,0,42166640,181837,0.016
2021-09-25,2021-09-26 04:21:29,42940411,86687,687746,662,0,0,42252665,86025,0.016
2021-09-26,2021-09-27 04:21:16,42931354,-9057,688032,286,0,0,42243322,-9343,0.016
2021-09-27,2021-09-28 04:21:28,43116432,185078,690426,2394,0,0,42426006,182684,0.016
2021-09-28,2021-09-29 04:21:45,43227604,111172,692969,2543,0,0,42534635,108629,0.016
2021-09-29,2021-09-30 04:21:20,43349187,121583,695112,2143,0,0,42654075,119440,0.016
2021-09-30,2021-10-01 04:21:35,43459809,110622,697842,2730,0,0,42761967,107892,0.0161
2021-10-01,2021-10-02 04:21:25,43618627,158818,700285,2443,0,0,42918342,156375,0.0161
2021-10-02,2021-10-03 04:21:24,43657833,39206,700932,647,0,0,42956901,38559,0.0161
2021-10-03,2021-10-04 04:21:31,43683048,25215,701169,237,0,0,42981879,24978,0.0161
2021-10-04,2021-10-05 04:21:27,43852255,169207,703278,2109,0,0,43148977,167098,0.016
2021-10-05,2021-10-06 04:21:33,43948011,95756,705194,1916,0,0,43242817,93840,0.016
2021-10-06,2021-10-07 04:21:36,44058827,110816,707781,2587,0,0,43351046,108229,0.0161
2021-10-07,2021-10-08 04:21:25,44158910,100083,710173,2392,0,0,43448737,97691,0.0161
2021-10-08,2021-10-09 04:21:34,44290052,131142,712693,2520,0,0,43577359,128622,0.0161
2021-10-09,2021-10-10 04:21:38,44317553,27501,712972,279,0,0,43604581,27222,0.0161
2021-10-10,2021-10-11 04:21:31,44339747,22194,713227,255,0,0,43626520,21939,0.0161
2021-10-11,2021-10-12 04:21:09,44455949,116202,714055,828,0,0,43741894,115374,0.0161
2021-10-12,2021-10-13 04:20:51,44562257,106308,716471,2416,0,0,43845786,103892,0.0161
2021-10-13,2021-10-14 04:21:29,44683014,120757,719525,3054,0,0,43963489,117703,0.0161
2021-10-14,2021-10-15 04:21:26,44767906,84892,721563,2038,0,0,44046343,82854,0.0161
2021-10-15,2021-10-16 04:21:15,44884868,116962,723754,2191,0,0,44161114,114771,0.0161
2021-10-16,2021-10-17 04:21:29,44916423,31555,724153,399,0,0,44192270,31156,0.0161
2021-10-17,2021-10-18 04:21:10,44933336,16913,724317,164,0,0,44209019,16749,0.0161
2021-10-18,2021-10-19 04:20:54,45050910,117574,726196,1879,0,0,44324714,115695,0.0161
2021-10-19,2021-10-20 04:21:00,45132148,81238,728192,1996,0,0,44403956,79242,0.0161
2021-10-20,2021-10-21 04:21:18,45218907,86759,731263,3071,0,0,44487644,83688,0.0162
2021-10-21,2021-10-22 04:21:14,45300970,82063,733213,1950,0,0,44567757,80113,0.0162
2021-10-22,2021-10-23 04:21:32,45400466,99496,735373,2160,0,0,44665093,97336,0.0162
2021-10-23,2021-10-24 04:21:22,45427464,26998,735800,427,0,0,44691664,26571,0.0162
2021-10-24,2021-10-25 04:22:31,45444260,16796,735941,141,0,0,44708319,16655,0.0162
2021-10-25,2021-10-26 04:22:09,45545583,101323,737316,1375,0,0,44808267,99948,0.0162
2021-10-26,2021-10-27 04:22:32,45609021,63438,738877,1561,0,0,44870144,61877,0.0162
2021-10-27,2021-10-28 04:22:08,45703978,94957,741231,2354,0,0,44962747,92603,0.0162
2021-10-28,2021-10-29 04:22:03,45826098,122120,743358,2127,0,0,45082740,119993,0.0162
2021-10-29,2021-10-30 04:22:03,45923884,97786,745377,2019,0,0,45178507,95767,0.0162
2021-10-30,2021-10-31 04:22:08,45953186,29302,745668,291,0,0,45207518,29011,0.0162
2021-10-31,2021-11-01 04:22:01,45970785,17599,745832,164,0,0,45224953,17435,0.0162
2021-11-01,2021-11-02 04:22:03,46091924,121139,747033,1201,0,0,45344891,119938,0.0162
2021-11-02,2021-11-03 06:22:09,46169012,77088,748518,1485,0,0,45420494,75603,0.0162
2021-11-03,2021-11-04 04:22:20,46252513,83501,750423,1905,0,0,45502090,81596,0.0162
2021-11-04,2021-11-05 04:21:54,46334856,82343,751555,1132,0,0,45583301,81211,0.0162
2021-11-05,2021-11-06 04:21:51,46435967,101111,753926,2371,0,0,45682041,98740,0.0162
2021-11-06,2021-11-07 04:21:53,46461714,25747,754278,352,0,0,45707436,25395,0.0162
2021-11-07,2021-11-08 04:21:43,46487791,26077,754429,151,0,0,45733362,25926,0.0162
2021-11-08,2021-11-09 04:21:36,46613141,125350,755636,1207,0,0,45857505,124143,0.0162
2021-11-09,2021-11-10 04:21:38,46693102,79961,757291,1655,0,0,45935811,78306,0.0162
2021-11-10,2021-11-11 04:21:45,46789031,95929,758916,1625,0,0,46030115,94304,0.0162
2021-11-11,2021-11-12 04:22:01,46852276,63245,759676,760,0,0,46092600,62485,0.0162
2021-11-12,2021-11-13 04:21:38,46991304,139028,762520,2844,0,0,46228784,136184,0.0162
2021-11-13,2021-11-14 04:21:31,47050502,59198,762972,452,0,0,46287530,58746,0.0162
2021-11-14,2021-11-15 04:21:36,47074080,23578,763092,120,0,0,46310988,23458,0.0162
2021-11-15,2021-11-16 04:21:10,47221549,147469,764363,1271,0,0,46457186,146198,0.0162
2021-11-16,2021-11-17 04:21:48,47309008,87459,765811,1448,0,0,46543197,86011,0.0162
2021-11-17,2021-11-18 04:21:33,47420114,111106,767431,1620,0,0,46652683,109486,0.0162
2021-11-18,2021-11-19 04:21:40,47531319,111205,768695,1264,0,0,46762624,109941,0.0162
2021-11-19,2021-11-20 04:22:17,47660379,129060,770691,1996,0,0,46889688,127064,0.0162
2021-11-20,2021-11-21 04:22:13,47701872,41493,771013,322,0,0,46930859,41171,0.0162
2021-11-21,2021-11-22 04:22:20,47730591,28719,771118,105,0,0,46959473,28614,0.0162
2021-11-22,2021-11-23 04:22:39,47888123,157532,772343,1225,0,0,47115780,156307,0.0161
2021-11-23,2021-11-24 04:22:14,47980780,92657,773770,1427,0,0,47207010,91230,0.0161
2021-11-24,2021-11-25 04:22:33,48091937,111157,775397,1627,0,0,47316540,109530,0.0161
2021-11-25,2021-11-26 04:22:33,48126382,34445,775785,388,0,0,47350597,34057,0.0161
2021-11-26,2021-11-27 04:22:45,48177907,51525,776349,564,0,0,47401558,50961,0.0161
2021-11-27,2021-11-28 04:22:43,48202463,24556,776536,187,0,0,47425927,24369,0.0161
2021-11-28,2021-11-29 04:22:30,48229210,26747,776639,103,0,0,47452571,26644,0.0161
2021-11-29,2021-11-30 04:22:53,48437955,208745,778601,1962,0,0,47659354,206783,0.0161
2021-11-30,2021-12-01 04:22:29,48554890,116935,780140,1539,0,0,47774750,115396,0.0161
2021-12-01,2021-12-02 04:22:37,48692483,137593,782100,1960,0,0,47910383,135633,0.0161
2021-12-02,2021-12-03 04:23:05,48832228,139745,785898,3798,0,0,48046330,135947,0.0161
2021-12-03,2021-12-04 04:22:18,48990127,157899,787695,1797,0,0,48202432,156102,0.0161
2021-12-04,2021-12-05 04:22:25,49051140,61013,788202,507,0,0,48262938,60506,0.0161
2021-12-05,2021-12-06 04:22:34,49085361,34221,788363,161,0,0,48296998,34060,0.0161
2021-12-06,2021-12-07 04:22:34,49278242,192881,789742,1379,0,0,48488500,191502,0.016
2021-12-07,2021-12-08 04:22:46,49387208,108966,791514,1772,0,0,48595694,107194,0.016
2021-12-08,2021-12-09 04:22:49,49538947,151739,793228,1714,0,0,48745719,150025,0.016
2021-12-09,2021-12-10 04:22:28,49661145,122198,794649,1421,0,0,48866496,120777,0.016
2021-12-10,2021-12-11 04:22:45,49833439,172294,796762,2113,0,0,49036677,170181,0.016
2021-12-11,2021-12-12 04:22:12,49884587,51148,797179,417,0,0,49087408,50731,0.016
2021-12-12,2021-12-13 04:22:02,49921405,36818,797346,167,0,0,49124059,36651,0.016
2021-12-13,2021-12-14 04:22:38,50119422,198017,798710,1364,0,0,49320712,196653,0.0159
2021-12-14,2021-12-15 03:22:16,50233338,113916,800343,1633,0,0,49432995,112283,0.0159
2021-12-15,2021-12-16 04:22:11,50374543,141205,802510,2167,0,0,49572033,139038,0.0159
2021-12-16,2021-12-17 04:22:14,50513424,138881,803651,1141,0,0,49709773,137740,0.0159
2021-12-17,2021-12-18 02:22:20,50706733,193309,805823,2172,0,0,49900910,191137,0.0159
2021-12-18,2021-12-19 04:21:11,50773620,66887,806273,450,0,0,49967347,66437,0.0159
2021-12-19,2021-12-20 04:21:43,50846828,73208,806439,166,0,0,50040389,73042,0.0159
2021-12-20,2021-12-21 03:21:27,51100782,253954,807952,1513,0,0,50292830,252441,0.0158
2021-12-21,2021-12-22 04:21:54,51272854,172072,810045,2093,0,0,50462809,169979,0.0158
2021-12-22,2021-12-23 04:21:21,51545991,273137,812069,2024,0,0,50733922,271113,0.0158
2021-12-23,2021-12-24 04:21:34,51814812,268821,815423,3354,0,0,50999389,265467,0.0157
2021-12-24,2021-12-25 04:21:37,51966735,151923,816436,1013,0,0,51150299,150910,0.0157
2021-12-25,2021-12-26 04:21:50,52095411,128676,816463,27,0,0,51278948,128649,0.0157
2021-12-26,2021-12-27 04:21:58,52280854,185443,816609,146,0,0,51464245,185297,0.0156
2021-12-27,2021-12-28 04:21:47,52793407,512553,818371,1762,0,0,51975036,510791,0.0155
2021-12-28,2021-12-29 03:21:43,53170421,377014,820708,2337,0,0,52349713,374677,0.0154
2021-12-29,2021-12-30 04:21:25,53659688,489267,822892,2184,0,0,52836796,487083,0.0153
2021-12-30,2021-12-31 04:21:50,54306755,647067,824301,1409,0,0,53482454,645658,0.0152
2021-12-31,2022-01-01 04:22:14,54743982,437227,825536,1235,0,0,53918446,435992,0.0151
2022-01-01,2022-01-02 04:20:52,54859966,115984,825816,280,0,0,54034150,115704,0.0151
2022-01-02,2022-01-03 02:22:25,55114057,254091,826060,244,0,0,54287997,253847,0.015
2022-01-03,2022-01-04 04:22:17,56190946,1076889,827753,1693,0,0,55363193,1075196,0.0147
2022-01-04,2022-01-05 04:21:59,57048800,857854,830071,2318,0,0,56218729,855536,0.0146
2022-01-05,2022-01-06 04:22:09,57702377,653577,832118,2047,0,0,56870259,651530,0.0144
2022-01-06,2022-01-07 04:22:09,58487665,785288,833987,1869,0,0,57653678,783419,0.0143
2022-01-07,2022-01-08 04:21:53,59388529,900864,836603,2616,0,0,58551926,898248,0.0141
2022-01-08,2022-01-09 04:21:46,59767221,378692,837262,659,0,0,58929959,378033,0.014
2022-01-09,2022-01-10 04:22:07,60072321,305100,837594,332,0,0,59234727,304768,0.0139
2022-01-10,2022-01-11 04:22:01,61558085,1485764,839500,1906,0,0,60718585,1483858,0.0136
2022-01-11,2022-01-12 04:21:44,62308132,750047,842141,2641,0,0,61465991,747406,0.0135
2022-01-12,2022-01-13 08:00:09,63203443,895311,844562,2421,0,0,62358881,892890,0.0134
2022-01-13,2022-01-14 04:21:54,64061989,858546,846463,1901,0,0,63215526,856645,0.0132
2022-01-14,2022-01-15 04:21:07,64917692,855703,849238,2775,0,0,64068454,852928,0.0131
2022-01-15,2022-01-16 04:21:12,65444262,526570,850060,822,0,0,64594202,525748,0.013
2022-01-16,2022-01-17 04:21:08,65699947,255685,850605,545,0,0,64849342,255140,0.0129
2022-01-17,2022-01-18 04:21:04,66421598,721651,851730,1125,0,0,65569868,720526,0.0128
2022-01-18,2022-01-19 04:21:23,67589830,1168232,853955,2225,0,0,66735875,1166007,0.0126
2022-01-19,2022-01-20 04:21:07,68569600,979770,857768,3813,0,0,67711832,975957,0.0125
2022-01-20,2022-01-21 04:21:09,69308071,738471,860247,2479,0,0,68447824,735992,0.0124
2022-01-21,2022-01-22 04:21:13,70209737,901666,864553,4306,0,0,69345184,897360,0.0123
2022-01-22,2022-01-23 04:21:13,70494744,285007,865968,1415,0,0,69628776,283592,0.0123
2022-01-23,2022-01-24 04:21:12,70699416,204672,866540,572,0,0,69832876,204100,0.0123
2022-01-24,2022-01-25 04:21:05,71708189,1008773,868503,1963,0,0,70839686,1006810,0.0121
2022-01-25,2022-01-26 04:21:07,72171208,463019,871937,3434,0,0,71299271,459585,0.0121
2022-01-26,2022-01-27 04:21:19,72909527,738319,876060,4123,0,0,72033467,734196,0.012
2022-01-27,2022-01-28 04:21:09,73427335,517808,878421,2361,0,0,72548914,515447,0.012
2022-01-28,2022-01-29 04:21:10,74066546,639211,882294,3873,0,0,73184252,635338,0.0119
2022-01-29,2022-01-30 04:21:26,74235709,169163,883934,1640,0,0,73351775,167523,0.0119
2022-01-30,2022-01-31 04:21:09,74332396,96687,884260,326,0,0,73448136,96361,0.0119
2022-01-31,2022-02-01 04:21:11,74941202,608806,886682,2422,0,0,74054520,606384,0.0118
2022-02-01,2022-02-02 04:21:09,75350359,409157,890770,4088,0,0,74459589,405069,0.0118
2022-02-02,2022-02-03 04:21:21,75680487,330128,894316,3546,0,0,74786171,326582,0.0118
2022-02-03,2022-02-04 04:21:10,75961961,281474,896557,2241,0,0,75065404,279233,0.0118
2022-02-04,2022-02-05 04:21:05,76354040,392079,901388,4831,0,0,75452652,387248,0.0118
2022-02-05,2022-02-06 04:21:00,76458144,104104,902266,878,0,0,75555878,103226,0.0118
2022-02-06,2022-02-07 04:21:05,76505442,47298,902624,358,0,0,75602818,46940,0.0118
2022-02-07,2022-02-08 04:21:15,76852768,347326,905539,2915,0,0,75947229,344411,0.0118
2022-02-08,2022-02-09 04:21:04,77051506,198738,908820,3281,0,0,76142686,195457,0.0118
2022-02-09,2022-02-10 04:21:14,77265134,213628,912252,3432,0,0,76352882,210196,0.0118
2022-02-10,2022-02-11 04:21:09,77428574,163440,915430,3178,0,0,76513144,160262,0.0118
2022-02-11,2022-02-12 04:21:06,77652197,223623,918451,3021,0,0,76733746,220602,0.0118
2022-02-12,2022-02-13 04:21:00,77707349,55152,919253,802,0,0,76788096,54350,0.0118
2022-02-13,2022-02-14 04:20:51,77739880,32531,919696,443,0,0,76820184,32088,0.0118
2022-02-14,2022-02-15 04:21:09,77919052,179172,922473,2777,0,0,76996579,176395,0.0118
2022-02-15,2022-02-16 04:21:10,78036352,117300,925435,2962,0,0,77110917,114338,0.0119
2022-02-16,2022-02-17 04:20:56,78171038,134686,928493,3058,0,0,77242545,131628,0.0119
2022-02-17,2022-02-18 04:21:04,78269443,98405,931741,3248,0,0,77337702,95157,0.0119
2022-02-18,2022-02-19 04:21:11,78423462,154019,934321,2580,0,0,77489141,151439,0.0119
2022-02-19,2022-02-20 04:21:00,78457081,33619,934951,630,0,0,77522130,32989,0.0119
2022-02-20,2022-02-21 04:21:05,78479134,22053,935335,384,0,0,77543799,21669,0.0119
2022-02-21,2022-02-22 04:21:01,78529099,49965,935990,655,0,0,77593109,49310,0.0119
2022-02-22,2022-02-23 04:21:09,78648651,119552,939061,3071,0,0,77709590,116481,0.0119
2022-02-23,2022-02-24 04:21:14,78733444,84793,941889,2828,0,0,77791555,81965,0.012
2022-02-24,2022-02-25 04:21:11,78798989,65545,944828,2939,0,0,77854161,62606,0.012
2022-02-25,2022-02-26 04:21:12,78883101,84112,947417,2589,0,0,77935684,81523,0.012
2022-02-26,2022-02-27 04:21:04,78931739,48638,948215,798,0,0,77983524,47840,0.012
2022-02-27,2022-02-28 04:21:05,78939203,7464,948397,182,0,0,77990806,7282,0.012
2022-02-28,2022-03-01 04:21:09,79045043,105840,950490,2093,0,0,78094553,103747,0.012
2022-03-01,2022-03-02 04:21:07,79091347,46304,952423,1933,0,0,78138924,44371,0.012
2022-03-02,2022-03-03 04:21:01,79143716,52369,954518,2095,0,0,78189198,50274,0.0121
2022-03-03,2022-03-04 04:21:09,79196008,52292,956261,1743,0,0,78239747,50549,0.0121
2022-03-04,2022-03-05 04:21:10,79250509,54501,958143,1882,0,0,78292366,52619,0.0121
2022-03-05,2022-03-06 04:20:49,79265726,15217,958437,294,0,0,78307289,14923,0.0121
2022-03-06,2022-03-07 04:20:47,79284134,18408,958840,403,0,0,78325294,18005,0.0121
2022-03-07,2022-03-08 04:20:54,79339388,55254,960505,1665,0,0,78378883,53589,0.0121
2022-03-08,2022-03-09 04:20:59,79369007,29619,961843,1338,0,0,78407164,28281,0.0121
2022-03-09,2022-03-10 04:20:48,79406602,37595,963819,1976,0,0,78442783,35619,0.0121
2022-03-10,2022-03-11 04:20:50,79454920,48318,965464,1645,0,0,78489456,46673,0.0122
2022-03-11,2022-03-12 04:20:50,79507030,52110,967165,1701,0,0,78539865,50409,0.0122
2022-03-12,2022-03-13 04:20:49,79517492,10462,967552,387,0,0,78549940,10075,0.0122
2022-03-13,2022-03-14 04:20:46,79523228,5736,967720,168,0,0,78555508,5568,0.0122
2022-03-14,2022-03-15 04:20:47,79562252,39024,965105,-2615,0,0,78597147,41639,0.0121
